{"Keys":["com.unity.services.core.version","com.unity.services.core.initializer-assembly-qualified-names","com.unity.services.authentication.version","com.unity.services.authentication.initializer-assembly-qualified-names","com.unity.services.analytics.version","com.unity.services.analytics.initializer-assembly-qualified-names","com.unity.services.cloudcode.version","com.unity.services.cloudcode.initializer-assembly-qualified-names","com.unity.services.wire.version","com.unity.services.wire.initializer-assembly-qualified-names","com.unity.purchasing.version","com.unity.purchasing.initializer-assembly-qualified-names","com.unity.services.core.all-package-names","com.unity.services.core.cloud-environment"],"Values":[{"m_Value":"1.9.0","m_IsReadOnly":true},{"m_Value":"Unity.Services.Core.Registration.CorePackageInitializer, Unity.Services.Core.Registration, Version=0.0.0.0, Culture=neutral, PublicKeyToken=null","m_IsReadOnly":true},{"m_Value":"2.5.0","m_IsReadOnly":true},{"m_Value":"Unity.Services.Authentication.AuthenticationPackageInitializer, Unity.Services.Authentication, Version=0.0.0.0, Culture=neutral, PublicKeyToken=null","m_IsReadOnly":true},{"m_Value":"4.4.0","m_IsReadOnly":true},{"m_Value":"Ua2CoreInitializeCallback, Unity.Services.Analytics, Version=0.0.0.0, Culture=neutral, PublicKeyToken=null","m_IsReadOnly":true},{"m_Value":"2.4.0","m_IsReadOnly":true},{"m_Value":"Unity.Services.CloudCode.Internal.CloudCodeServiceProvider, Unity.Services.CloudCode, Version=0.0.0.0, Culture=neutral, PublicKeyToken=null;Unity.Services.CloudCode.CloudCodeInitializer, Unity.Services.CloudCode, Version=0.0.0.0, Culture=neutral, PublicKeyToken=null","m_IsReadOnly":true},{"m_Value":"1.1.5","m_IsReadOnly":true},{"m_Value":"Unity.Services.Wire.Internal.WireServiceProvider, Unity.Services.Wire.Internal, Version=0.0.0.0, Culture=neutral, PublicKeyToken=null","m_IsReadOnly":true},{"m_Value":"4.8.0","m_IsReadOnly":true},{"m_Value":"UnityEngine.Purchasing.Registration.IapCoreInitializeCallback, UnityEngine.Purchasing.Stores, Version=0.0.0.0, Culture=neutral, PublicKeyToken=null","m_IsReadOnly":true},{"m_Value":"com.unity.services.core;com.unity.services.authentication;com.unity.services.analytics;com.unity.services.cloudcode;com.unity.services.wire;com.unity.purchasing","m_IsReadOnly":false},{"m_Value":"production","m_IsReadOnly":false}]}